Province name,Province abbreviation,Province  code,District municipality code,District municipality name,Metro/Local municipality code,District/Local municipality name,Local municipality code,ID,Total Population,Piped (tap) water inside dwelling,Piped (tap) water inside yard,Piped (tap) water on community stand,No access to piped (tap) water,Formal Dwelling,Traditional Dwelling,Informal Dwelling,Other Dwelling,Flush toilet,Chemical toilet,Pit toilet,Bucket toilet,Other Toilet,No toilet,Removed by local authority/private company/community members at least once a week,Removed by local authority/private company/community members less often,Communal refuse dump,Communal container/central collection point,Own refuse dump,Dump or leave rubbish anywhere (no rubbish disposal),Other Dump,Electricity for Light,Gas for Light,Paraffin for Light,Candles for Light,Solar for Light,Other Source of Light,None Source of Light,Electricity for Cooking,Gas for Cooking,Paraffin for Cooking,Wood for Cooking,Coal for Cooking,Animal dung,Solar for Cooking,Other Source of Cooking,None Source of Cooking,Municipality,total_unrests,total_fatalities,most_frequent_sub_event_type,Protests,Riots,target
KwaZulu-Natal,KZN,5.0,DC26,Zululand,KZN263,abaqulusi,529.0,101.0,"247,263",0.46,0.3,0.08,0.16,0.84,0.12,0.03,0.01,0.54,0.05,0.32,0.02,0.04,0.03,0.54,0.01,0.01,0.01,0.36,0.07,0.01,0.9,0.0,0.0,0.08,0.01,0.0,0.0,0.63,0.22,0.02,0.12,0.01,0.0,0.0,0.0,0.0,abaqulusi,8,1,Peaceful protest,6,2,1
KwaZulu-Natal,KZN,5.0,DC23,Uthukela,KZN238,alfred duma,523.0,90.0,"415,036",0.51,0.25,0.12,0.12,0.89,0.09,0.01,0.0,0.59,0.04,0.33,0.01,0.02,0.01,0.59,0.01,0.01,0.01,0.32,0.05,0.02,0.96,0.0,0.0,0.03,0.01,0.0,0.0,0.71,0.19,0.02,0.08,0.0,0.0,0.0,0.0,0.0,alfred duma,62,1,Peaceful protest,39,23,1
Eastern Cape,EC,2.0,DC12,Amathole,EC124,amahlathi,273.0,16.0,"115,703",0.38,0.31,0.21,0.09,0.84,0.12,0.03,0.0,0.46,0.02,0.48,0.0,0.01,0.02,0.4,0.01,0.01,0.04,0.48,0.04,0.02,0.95,0.0,0.03,0.02,0.0,0.0,0.0,0.69,0.24,0.03,0.03,0.0,0.0,0.0,0.0,0.0,amahlathi,5,0,Violent demonstration,1,4,1
Limpopo,LP,9.0,DC33,Mopani,LIM334,ba-phalaborwa,963.0,127.0,"188,603",0.41,0.34,0.1,0.15,0.98,0.01,0.0,0.0,0.49,0.02,0.42,0.02,0.01,0.04,0.43,0.01,0.02,0.04,0.42,0.06,0.02,0.98,0.0,0.0,0.01,0.0,0.0,0.0,0.59,0.15,0.0,0.25,0.0,0.0,0.0,0.0,0.0,ba-phalaborwa,6,7,Mob violence,0,6,1
Western Cape,WC,1.0,DC5,Central Karoo,WC053,beaufort west,183.0,237.0,"72,972",0.87,0.12,0.0,0.0,0.99,0.0,0.0,0.0,0.98,0.0,0.01,0.01,0.0,0.01,0.8,0.13,0.0,0.01,0.06,0.0,0.0,0.97,0.0,0.0,0.01,0.01,0.0,0.0,0.8,0.17,0.0,0.02,0.0,0.0,0.0,0.0,0.0,beaufort west,2,0,Peaceful protest,2,0,0
Limpopo,LP,9.0,DC36,Waterberg,LIM366,bela-bela,981.0,142.0,"64,306",0.55,0.31,0.05,0.09,0.89,0.0,0.11,0.0,0.79,0.0,0.19,0.01,0.0,0.01,0.7,0.01,0.01,0.01,0.2,0.06,0.0,0.84,0.0,0.01,0.11,0.04,0.0,0.0,0.51,0.32,0.07,0.09,0.0,0.0,0.0,0.0,0.0,bela-bela,2,0,Peaceful protest,2,0,0
Western Cape,WC,1.0,DC1,West Coast,WC013,bergrivier,162.0,216.0,"70,276",0.89,0.11,0.0,0.0,0.92,0.01,0.06,0.01,0.98,0.0,0.0,0.01,0.0,0.01,0.85,0.02,0.01,0.04,0.06,0.0,0.0,0.99,0.0,0.0,0.01,0.0,0.0,0.0,0.73,0.26,0.0,0.0,0.0,0.0,0.0,0.0,0.0,bergrivier,2,0,Peaceful protest,2,0,0
KwaZulu-Natal,KZN,5.0,DC27,Umkhanyakude,KZN276,big five hlabisa,585.0,107.0,"131,755",0.2,0.21,0.08,0.52,0.92,0.07,0.01,0.0,0.2,0.11,0.53,0.02,0.06,0.08,0.17,0.01,0.03,0.01,0.65,0.12,0.01,0.95,0.01,0.0,0.03,0.0,0.0,0.0,0.65,0.16,0.0,0.18,0.0,0.0,0.0,0.0,0.0,big five hlabisa,4,0,Violent demonstration,0,4,1
Western Cape,WC,1.0,DC4,Garden Route,WC047,bitou,179.0,233.0,"65,240",0.8,0.09,0.1,0.01,0.85,0.0,0.14,0.0,0.97,0.0,0.01,0.01,0.0,0.0,0.85,0.01,0.01,0.11,0.01,0.0,0.0,0.99,0.0,0.0,0.0,0.0,0.0,0.0,0.68,0.31,0.0,0.0,0.0,0.0,0.0,0.0,0.0,bitou,8,0,Peaceful protest,6,2,1
Limpopo,LP,9.0,DC35,Capricorn,LIM351,blouberg,969.0,135.0,"192,109",0.33,0.32,0.27,0.09,0.97,0.01,0.02,0.0,0.31,0.01,0.62,0.02,0.02,0.02,0.33,0.0,0.02,0.01,0.57,0.06,0.01,0.98,0.01,0.0,0.01,0.0,0.0,0.0,0.34,0.25,0.0,0.41,0.0,0.0,0.0,0.0,0.0,blouberg,3,0,Peaceful protest,2,1,1
Western Cape,WC,1.0,DC2,Cape Winelands,WC025,breede valley,168.0,222.0,"212,682",0.85,0.1,0.05,0.0,0.88,0.01,0.11,0.0,0.95,0.01,0.01,0.02,0.0,0.01,0.83,0.02,0.03,0.06,0.03,0.03,0.0,0.97,0.0,0.01,0.01,0.0,0.0,0.0,0.67,0.31,0.02,0.0,0.0,0.0,0.0,0.0,0.0,breede valley,5,0,Peaceful protest,5,0,0
,,,,,,,,,,,,,,,,,,,,,,,,,,,,,,,,,,,,,,,,,,,,,,,buffalo city,119,6,Peaceful protest,95,24,1
Mpumalanga,MP,8.0,DC32,Ehlanzeni,MP325,bushbuckridge,877.0,166.0,"750,821",0.26,0.47,0.16,0.11,0.98,0.01,0.0,0.0,0.23,0.03,0.69,0.02,0.01,0.03,0.21,0.01,0.02,0.0,0.72,0.04,0.01,0.98,0.0,0.0,0.01,0.0,0.0,0.0,0.62,0.14,0.0,0.24,0.0,0.0,0.0,0.0,0.0,bushbuckridge,54,8,Peaceful protest,25,29,1
Western Cape,WC,1.0,DC3,Overberg,WC033,cape agulhas,173.0,226.0,"40,274",0.94,0.02,0.03,0.0,0.94,0.0,0.05,0.0,0.99,0.0,0.0,0.01,0.0,0.01,0.93,0.0,0.0,0.04,0.03,0.0,0.0,0.99,0.0,0.0,0.0,0.0,0.0,0.0,0.57,0.43,0.0,0.0,0.0,0.0,0.0,0.0,0.0,cape agulhas,2,0,Violent demonstration,0,2,1
Western Cape,WC,1.0,DC1,West Coast,WC012,cederberg,161.0,215.0,"55,108",0.73,0.17,0.1,0.01,0.75,0.07,0.18,0.0,0.88,0.0,0.0,0.03,0.02,0.06,0.71,0.02,0.01,0.09,0.1,0.05,0.01,0.87,0.01,0.08,0.03,0.0,0.0,0.0,0.63,0.29,0.06,0.01,0.0,0.0,0.0,0.0,0.01,cederberg,1,0,Peaceful protest,1,0,0
Mpumalanga,MP,8.0,DC30,Gert Sibande,MP301,chief albert luthuli,860.0,151.0,"247,664",0.35,0.48,0.05,0.12,0.93,0.04,0.03,0.0,0.4,0.05,0.5,0.01,0.02,0.02,0.33,0.0,0.02,0.01,0.58,0.05,0.01,0.96,0.02,0.0,0.01,0.0,0.0,0.0,0.58,0.2,0.0,0.21,0.01,0.0,0.0,0.0,0.0,chief albert luthuli,4,0,Peaceful protest,2,2,1
,,,,,,,,,,,,,,,,,,,,,,,,,,,,,,,,,,,,,,,,,,,,,,,city of cape town,724,34,Peaceful protest,543,181,1
,,,,,,,,,,,,,,,,,,,,,,,,,,,,,,,,,,,,,,,,,,,,,,,city of johannesburg,623,38,Peaceful protest,419,204,1
North West,NW,6.0,DC40,Dr Kenneth Kaunda,NW403,city of matlosana,677.0,210.0,"431,231",0.62,0.3,0.06,0.02,0.91,0.0,0.08,0.0,0.92,0.0,0.05,0.01,0.0,0.01,0.86,0.02,0.0,0.02,0.05,0.04,0.0,0.93,0.0,0.03,0.03,0.01,0.0,0.0,0.73,0.19,0.07,0.0,0.0,0.0,0.0,0.0,0.0,city of matlosana,11,3,Peaceful protest,8,3,1
Mpumalanga,MP,8.0,DC32,Ehlanzeni,MP326,city of mbombela,874.0,167.0,"818,925",0.42,0.25,0.08,0.26,0.96,0.01,0.02,0.0,0.46,0.04,0.46,0.01,0.02,0.01,0.42,0.01,0.02,0.01,0.49,0.04,0.01,0.98,0.0,0.0,0.01,0.0,0.0,0.0,0.82,0.15,0.0,0.02,0.0,0.0,0.0,0.0,0.0,city of mbombela,92,19,Peaceful protest,45,47,1
,,,,,,,,,,,,,,,,,,,,,,,,,,,,,,,,,,,,,,,,,,,,,,,city of tshwane,463,5,Peaceful protest,383,80,1
Limpopo,LP,9.0,DC34,Vhembe,LIM345,collins chabane,970.0,133.0,"443,798",0.19,0.34,0.25,0.22,0.91,0.07,0.01,0.01,0.19,0.03,0.66,0.02,0.03,0.08,0.15,0.0,0.01,0.01,0.69,0.12,0.02,0.96,0.0,0.0,0.02,0.01,0.0,0.01,0.24,0.11,0.0,0.64,0.0,0.0,0.0,0.0,0.0,collins chabane,22,4,Mob violence,9,13,1
KwaZulu-Natal,KZN,5.0,DC25,Amajuba,KZN254,dannhauser,526.0,98.0,"142,750",0.25,0.44,0.17,0.14,0.85,0.13,0.01,0.0,0.24,0.05,0.68,0.01,0.01,0.01,0.22,0.01,0.01,0.0,0.71,0.04,0.01,0.94,0.0,0.0,0.04,0.01,0.0,0.0,0.72,0.15,0.02,0.03,0.07,0.0,0.0,0.0,0.0,dannhauser,6,6,Violent demonstration,2,4,1
Northern Cape,NC,3.0,DC8,Z F Mgcawu,NC087,dawid kruiper,379.0,186.0,"125,744",0.58,0.34,0.05,0.04,0.71,0.0,0.28,0.0,0.73,0.0,0.07,0.12,0.0,0.08,0.74,0.01,0.0,0.21,0.02,0.02,0.0,0.91,0.0,0.0,0.05,0.02,0.0,0.0,0.7,0.25,0.0,0.04,0.0,0.0,0.0,0.0,0.01,dawid kruiper,5,1,Peaceful protest,3,2,1
Free State,FS,4.0,DC19,Thabo Mofutsanyane,FS192,dihlabeng,470.0,55.0,"130,434",0.57,0.38,0.04,0.02,0.85,0.02,0.13,0.0,0.91,0.0,0.06,0.01,0.0,0.01,0.79,0.04,0.03,0.04,0.07,0.02,0.0,0.94,0.0,0.01,0.05,0.0,0.0,0.0,0.72,0.21,0.02,0.05,0.0,0.0,0.0,0.0,0.0,dihlabeng,8,1,Peaceful protest,5,3,1
Northern Cape,NC,3.0,DC9,Francis Baard,NC092,dikgatlong,384.0,188.0,"56,967",0.51,0.36,0.07,0.07,0.86,0.01,0.12,0.01,0.82,0.0,0.08,0.02,0.0,0.07,0.44,0.04,0.0,0.02,0.37,0.12,0.01,0.9,0.0,0.02,0.07,0.01,0.0,0.0,0.73,0.19,0.03,0.04,0.0,0.0,0.0,0.0,0.0,dikgatlong,13,0,Peaceful protest,9,4,1
North West,NW,6.0,DC38,Ngaka Modiri Molema,NW384,ditsobotla,668.0,203.0,"164,176",0.44,0.33,0.16,0.07,0.9,0.02,0.08,0.01,0.66,0.02,0.29,0.01,0.0,0.02,0.29,0.01,0.06,0.01,0.48,0.14,0.01,0.93,0.0,0.01,0.06,0.0,0.0,0.0,0.75,0.18,0.04,0.03,0.0,0.0,0.0,0.0,0.0,ditsobotla,7,1,Peaceful protest,4,3,1
Eastern Cape,EC,2.0,DC13,Chris Hani,EC137,dr ab xuma,284.0,25.0,"132,799",0.28,0.05,0.29,0.37,0.67,0.32,0.01,0.0,0.29,0.08,0.47,0.02,0.04,0.1,0.27,0.0,0.01,0.0,0.52,0.16,0.03,0.93,0.0,0.02,0.04,0.0,0.0,0.0,0.6,0.29,0.03,0.07,0.0,0.0,0.0,0.0,0.01,dr ab xuma,2,0,Mob violence,1,1,1
Eastern Cape,EC,2.0,DC10,Sarah Baartman,EC101,dr beyers naude,261.0,6.0,"101,001",0.67,0.31,0.01,0.01,0.97,0.0,0.02,0.0,0.96,0.0,0.01,0.01,0.0,0.01,0.89,0.02,0.0,0.04,0.04,0.01,0.0,0.97,0.0,0.0,0.01,0.01,0.0,0.0,0.79,0.19,0.01,0.02,0.0,0.0,0.0,0.0,0.0,dr beyers naude,5,0,Peaceful protest,4,1,1
Mpumalanga,MP,8.0,DC31,Nkangala,MP316,dr js moroka,872.0,163.0,"324,855",0.28,0.4,0.06,0.27,0.95,0.01,0.04,0.0,0.31,0.0,0.65,0.01,0.02,0.01,0.22,0.0,0.03,0.01,0.68,0.06,0.0,0.98,0.0,0.0,0.02,0.0,0.0,0.0,0.68,0.16,0.01,0.15,0.0,0.0,0.0,0.0,0.0,dr js moroka,1,3,Mob violence,0,1,1
KwaZulu-Natal,KZN,5.0,DC43,Harry Gwala,KZN436,dr nkosazana dlamini zuma,569.0,121.0,"128,565",0.26,0.24,0.18,0.32,0.55,0.4,0.03,0.02,0.32,0.09,0.55,0.01,0.03,0.01,0.23,0.01,0.02,0.04,0.62,0.01,0.06,0.97,0.0,0.0,0.03,0.0,0.0,0.0,0.49,0.18,0.0,0.32,0.0,0.0,0.0,0.0,0.0,dr nkosazana dlamini zuma,1,0,Peaceful protest,1,0,0
Mpumalanga,MP,8.0,DC30,Gert Sibande,MP304,dr pixley ka isaka seme,863.0,154.0,"115,304",0.58,0.34,0.03,0.05,0.9,0.04,0.06,0.0,0.77,0.02,0.15,0.01,0.02,0.03,0.71,0.01,0.01,0.02,0.19,0.05,0.0,0.92,0.01,0.0,0.06,0.01,0.0,0.0,0.61,0.18,0.0,0.11,0.09,0.0,0.0,0.0,0.0,dr pixley ka isaka seme,2,0,Peaceful protest,2,0,0
Western Cape,WC,1.0,DC2,Cape Winelands,WC023,drakenstein,166.0,220.0,"276,800",0.89,0.07,0.03,0.01,0.9,0.0,0.09,0.0,0.97,0.0,0.0,0.02,0.0,0.0,0.89,0.01,0.01,0.06,0.02,0.01,0.0,0.98,0.0,0.0,0.01,0.0,0.0,0.0,0.67,0.32,0.01,0.0,0.0,0.0,0.0,0.0,0.0,drakenstein,12,0,Peaceful protest,10,2,1
KwaZulu-Natal,KZN,5.0,DC26,Zululand,KZN261,edumbe,578.0,99.0,"96,735",0.24,0.51,0.1,0.15,0.82,0.17,0.0,0.0,0.25,0.11,0.6,0.01,0.01,0.03,0.4,0.01,0.02,0.0,0.46,0.1,0.02,0.93,0.0,0.0,0.06,0.0,0.0,0.0,0.48,0.16,0.01,0.36,0.0,0.0,0.0,0.0,0.0,edumbe,1,0,Peaceful protest,1,0,0
,,,,,,,,,,,,,,,,,,,,,,,,,,,,,,,,,,,,,,,,,,,,,,,ekurhuleni,229,36,Peaceful protest,128,101,1
Limpopo,LP,9.0,DC47,Sekhukhune,LIM472,elias motsoaledi,984.0,146.0,"288,049",0.31,0.18,0.14,0.37,0.95,0.02,0.03,0.0,0.31,0.02,0.6,0.02,0.03,0.01,0.29,0.0,0.03,0.01,0.57,0.09,0.01,0.95,0.0,0.0,0.03,0.01,0.0,0.0,0.62,0.23,0.01,0.12,0.01,0.0,0.0,0.0,0.0,elias motsoaledi,7,1,Mob violence,3,4,1
KwaZulu-Natal,KZN,5.0,DC25,Amajuba,KZN253,emadlangeni,525.0,97.0,"36,948",0.44,0.22,0.1,0.24,0.82,0.13,0.05,0.0,0.43,0.06,0.46,0.0,0.03,0.02,0.39,0.0,0.01,0.02,0.48,0.06,0.04,0.72,0.0,0.0,0.24,0.03,0.0,0.0,0.37,0.27,0.01,0.32,0.01,0.0,0.0,0.0,0.0,emadlangeni,1,0,Peaceful protest,1,0,0
Mpumalanga,MP,8.0,DC31,Nkangala,MP314,emakhazeni,870.0,161.0,"50,165",0.8,0.15,0.02,0.02,0.95,0.01,0.04,0.0,0.93,0.01,0.04,0.01,0.0,0.01,0.87,0.01,0.01,0.02,0.09,0.01,0.0,0.94,0.01,0.01,0.04,0.0,0.0,0.0,0.49,0.31,0.01,0.1,0.1,0.0,0.0,0.0,0.0,emakhazeni,5,0,Violent demonstration,2,3,1
Eastern Cape,EC,2.0,DC13,Chris Hani,EC136,emalahleni,283.0,24.0,"128,873",0.31,0.29,0.33,0.07,0.83,0.16,0.0,0.0,0.39,0.05,0.4,0.01,0.03,0.12,0.39,0.01,0.01,0.0,0.41,0.15,0.02,0.95,0.0,0.01,0.02,0.0,0.0,0.0,0.69,0.25,0.03,0.03,0.0,0.0,0.0,0.0,0.0,emalahleni,31,5,Peaceful protest,14,17,1
Mpumalanga,MP,8.0,DC31,Nkangala,MP312,emalahleni,868.0,159.0,"434,522",0.66,0.16,0.06,0.11,0.88,0.0,0.11,0.0,0.79,0.01,0.18,0.01,0.01,0.01,0.68,0.02,0.02,0.01,0.16,0.1,0.0,0.84,0.0,0.02,0.11,0.03,0.0,0.0,0.59,0.29,0.09,0.01,0.02,0.0,0.0,0.0,0.0,emalahleni,31,5,Peaceful protest,14,17,1
Gauteng,GP,7.0,DC42,Sedibeng,GT421,emfuleni,760.0,64.0,"945,650",0.8,0.17,0.02,0.01,0.9,0.0,0.09,0.0,0.95,0.01,0.02,0.01,0.0,0.0,0.51,0.05,0.06,0.01,0.2,0.17,0.01,0.92,0.0,0.01,0.05,0.02,0.0,0.0,0.69,0.27,0.03,0.0,0.0,0.0,0.0,0.0,0.0,emfuleni,114,12,Peaceful protest,62,52,1
Northern Cape,NC,3.0,DC7,Pixley ka Seme,NC073,emthanjeni,371.0,176.0,"46,587",0.66,0.33,0.01,0.01,0.95,0.0,0.04,0.0,0.98,0.0,0.0,0.01,0.0,0.01,0.92,0.01,0.0,0.02,0.04,0.0,0.0,0.96,0.01,0.0,0.02,0.0,0.0,0.0,0.84,0.13,0.01,0.02,0.0,0.0,0.0,0.0,0.0,emthanjeni,2,0,Peaceful protest,2,0,0
KwaZulu-Natal,KZN,5.0,DC24,Umzinyathi,KZN241,endumeni,574.0,91.0,"100,085",0.6,0.27,0.04,0.09,0.94,0.03,0.02,0.0,0.82,0.01,0.13,0.01,0.02,0.01,0.77,0.02,0.01,0.03,0.14,0.02,0.01,0.9,0.0,0.0,0.07,0.02,0.0,0.0,0.67,0.21,0.04,0.06,0.01,0.0,0.01,0.0,0.0,endumeni,9,0,Peaceful protest,5,4,1
Eastern Cape,EC,2.0,DC13,Chris Hani,EC139,enoch mgijima,276.0,27.0,"297,055",0.55,0.28,0.13,0.05,0.96,0.02,0.02,0.0,0.72,0.02,0.22,0.01,0.01,0.02,0.41,0.01,0.01,0.02,0.41,0.11,0.02,0.96,0.0,0.02,0.01,0.0,0.0,0.0,0.74,0.22,0.03,0.01,0.0,0.0,0.0,0.0,0.0,enoch mgijima,16,0,Peaceful protest,13,3,1
Limpopo,LP,9.0,DC47,Sekhukhune,LIM471,ephraim mogale,983.0,145.0,"132,468",0.28,0.33,0.06,0.34,0.97,0.01,0.01,0.0,0.26,0.02,0.67,0.02,0.03,0.01,0.29,0.0,0.01,0.01,0.61,0.06,0.02,0.97,0.01,0.0,0.02,0.0,0.0,0.0,0.47,0.19,0.0,0.33,0.0,0.0,0.0,0.0,0.0,ephraim mogale,4,1,Mob violence,2,2,1
,,,,,,,,,,,,,,,,,,,,,,,,,,,,,,,,,,,,,,,,,,,,,,,ethekwini,462,17,Peaceful protest,293,169,1
Limpopo,LP,9.0,DC47,Sekhukhune,LIM476,fetakgomo tubatse,965.0,148.0,"575,960",0.24,0.22,0.2,0.34,0.95,0.02,0.03,0.01,0.24,0.02,0.69,0.02,0.02,0.02,0.21,0.0,0.01,0.01,0.66,0.09,0.01,0.92,0.0,0.01,0.05,0.02,0.0,0.0,0.57,0.18,0.03,0.21,0.0,0.0,0.0,0.0,0.0,fetakgomo tubatse,18,10,Mob violence,4,14,1
Northern Cape,NC,3.0,DC45,John Taolo Gaetsewe,NC452,ga-segonyana,361.0,192.0,"117,454",0.25,0.18,0.44,0.14,0.9,0.01,0.08,0.01,0.34,0.01,0.58,0.01,0.01,0.04,0.22,0.0,0.01,0.02,0.7,0.03,0.02,0.87,0.01,0.01,0.07,0.04,0.0,0.0,0.69,0.27,0.01,0.02,0.0,0.0,0.0,0.0,0.0,ga-segonyana,7,0,Peaceful protest,6,1,1
Northern Cape,NC,3.0,DC45,John Taolo Gaetsewe,NC453,gamagara,362.0,193.0,"29,580",0.67,0.27,0.03,0.03,0.82,0.0,0.15,0.02,0.89,0.0,0.05,0.01,0.01,0.04,0.85,0.02,0.0,0.07,0.04,0.01,0.01,0.95,0.0,0.0,0.04,0.01,0.0,0.0,0.67,0.3,0.0,0.02,0.0,0.0,0.0,0.0,0.0,gamagara,1,0,Mob violence,0,1,1
Western Cape,WC,1.0,DC4,Garden Route,WC044,george,177.0,231.0,"294,929",0.81,0.13,0.05,0.01,0.87,0.01,0.12,0.0,0.93,0.02,0.01,0.03,0.0,0.0,0.88,0.01,0.01,0.06,0.02,0.01,0.0,0.95,0.0,0.01,0.02,0.01,0.0,0.0,0.61,0.35,0.02,0.01,0.0,0.0,0.0,0.0,0.0,george,55,1,Peaceful protest,40,15,1
Mpumalanga,MP,8.0,DC30,Gert Sibande,MP307,govan mbeki,866.0,157.0,"310,117",0.66,0.28,0.05,0.01,0.86,0.01,0.12,0.0,0.92,0.01,0.04,0.01,0.0,0.01,0.85,0.02,0.01,0.03,0.06,0.02,0.0,0.93,0.0,0.01,0.05,0.01,0.0,0.0,0.76,0.17,0.03,0.0,0.02,0.0,0.0,0.0,0.0,govan mbeki,6,1,Peaceful protest,3,3,1
Eastern Cape,EC,2.0,DC12,Amathole,EC123,great kei,272.0,15.0,"35,990",0.38,0.13,0.25,0.25,0.85,0.05,0.09,0.01,0.5,0.07,0.37,0.0,0.02,0.03,0.42,0.0,0.01,0.02,0.43,0.08,0.04,0.9,0.01,0.05,0.03,0.0,0.0,0.0,0.57,0.35,0.04,0.03,0.0,0.0,0.0,0.0,0.0,great kei,4,0,Mob violence,1,3,1
Limpopo,LP,9.0,DC33,Mopani,LIM331,greater giyani,960.0,123.0,"316,841",0.24,0.23,0.3,0.23,0.93,0.06,0.01,0.0,0.24,0.03,0.64,0.02,0.01,0.04,0.22,0.0,0.02,0.01,0.63,0.11,0.01,0.98,0.0,0.0,0.01,0.0,0.0,0.0,0.25,0.12,0.0,0.62,0.0,0.0,0.0,0.0,0.0,greater giyani,11,5,Mob violence,4,7,1
Limpopo,LP,9.0,DC33,Mopani,LIM332,greater letaba,961.0,125.0,"261,038",0.21,0.29,0.35,0.15,0.94,0.04,0.02,0.0,0.2,0.01,0.71,0.02,0.02,0.03,0.17,0.01,0.04,0.02,0.66,0.08,0.01,0.97,0.0,0.0,0.02,0.0,0.0,0.01,0.35,0.12,0.0,0.53,0.0,0.0,0.0,0.0,0.0,greater letaba,6,1,Mob violence,1,5,1
North West,NW,6.0,DC39,Dr Ruth Segomotsi Mompati,NW394,greater taung,672.0,207.0,"202,009",0.26,0.1,0.59,0.05,0.96,0.01,0.03,0.0,0.28,0.02,0.66,0.02,0.01,0.01,0.23,0.0,0.01,0.02,0.68,0.06,0.0,0.97,0.0,0.0,0.02,0.0,0.0,0.0,0.73,0.2,0.01,0.05,0.0,0.0,0.0,0.0,0.0,greater taung,4,1,Mob violence,1,3,1
Limpopo,LP,9.0,DC33,Mopani,LIM333,greater tzaneen,962.0,126.0,"478,254",0.27,0.23,0.2,0.3,0.97,0.01,0.01,0.01,0.29,0.01,0.64,0.01,0.01,0.03,0.26,0.01,0.03,0.04,0.6,0.06,0.02,0.97,0.0,0.0,0.02,0.0,0.0,0.0,0.57,0.14,0.0,0.28,0.0,0.0,0.0,0.0,0.0,greater tzaneen,5,3,Mob violence,1,4,1
Western Cape,WC,1.0,DC4,Garden Route,WC042,hessequa,175.0,229.0,"71,918",0.94,0.03,0.02,0.0,0.95,0.01,0.04,0.0,0.97,0.0,0.01,0.01,0.0,0.0,0.92,0.0,0.01,0.03,0.03,0.0,0.0,0.99,0.0,0.0,0.0,0.01,0.0,0.0,0.71,0.28,0.0,0.01,0.0,0.0,0.0,0.0,0.0,hessequa,2,0,Peaceful protest,2,0,0
KwaZulu-Natal,KZN,5.0,DC22,Umgungundlovu,KZN224,impendle,565.0,81.0,"36,648",0.18,0.47,0.23,0.12,0.76,0.23,0.01,0.0,0.16,0.01,0.71,0.0,0.11,0.01,0.12,0.0,0.02,0.0,0.84,0.02,0.01,0.97,0.0,0.0,0.03,0.0,0.0,0.0,0.74,0.12,0.0,0.13,0.0,0.0,0.0,0.0,0.0,impendle,2,0,Peaceful protest,2,0,0
KwaZulu-Natal,KZN,5.0,DC23,Uthukela,KZN237,inkosi langalibalele,522.0,89.0,"230,924",0.31,0.31,0.18,0.2,0.83,0.15,0.01,0.0,0.33,0.1,0.48,0.01,0.05,0.03,0.31,0.01,0.03,0.01,0.54,0.07,0.04,0.92,0.0,0.0,0.06,0.0,0.0,0.0,0.6,0.17,0.02,0.2,0.0,0.0,0.0,0.0,0.0,inkosi langalibalele,16,0,Peaceful protest,11,5,1
Eastern Cape,EC,2.0,DC13,Chris Hani,EC135,intsika yethu,282.0,23.0,"128,101",0.3,0.06,0.3,0.34,0.63,0.36,0.0,0.0,0.32,0.09,0.48,0.01,0.04,0.07,0.29,0.0,0.02,0.0,0.52,0.12,0.04,0.96,0.0,0.02,0.02,0.0,0.0,0.0,0.61,0.32,0.02,0.04,0.0,0.0,0.0,0.0,0.0,intsika yethu,9,2,Peaceful protest,7,2,1
Eastern Cape,EC,2.0,DC13,Chris Hani,EC131,inxuba yethemba,278.0,22.0,"77,578",0.76,0.21,0.03,0.01,0.99,0.0,0.01,0.0,0.95,0.01,0.01,0.01,0.0,0.02,0.84,0.01,0.01,0.07,0.04,0.02,0.0,0.98,0.0,0.0,0.01,0.0,0.0,0.0,0.77,0.21,0.01,0.01,0.0,0.0,0.0,0.0,0.0,inxuba yethemba,2,0,Mob violence,1,1,1
North West,NW,6.0,DC40,Dr Kenneth Kaunda,NW405,jb marks,675.0,212.0,"212,670",0.58,0.31,0.08,0.04,0.84,0.0,0.15,0.01,0.8,0.0,0.12,0.02,0.01,0.05,0.75,0.01,0.01,0.02,0.13,0.07,0.01,0.9,0.0,0.02,0.07,0.01,0.0,0.0,0.61,0.29,0.09,0.01,0.0,0.0,0.0,0.0,0.0,jb marks,14,1,Violent demonstration,7,7,1
KwaZulu-Natal,KZN,5.0,DC27,Umkhanyakude,KZN272,jozini,583.0,105.0,"199,153",0.21,0.28,0.06,0.45,0.89,0.08,0.03,0.01,0.24,0.11,0.53,0.02,0.06,0.04,0.19,0.0,0.02,0.02,0.63,0.11,0.03,0.89,0.01,0.0,0.09,0.0,0.0,0.01,0.64,0.14,0.0,0.21,0.0,0.0,0.0,0.0,0.01,jozini,1,0,Mob violence,0,1,1
North West,NW,6.0,DC39,Dr Ruth Segomotsi Mompati,NW397,kagisano-molopo,674.0,209.0,"112,130",0.28,0.17,0.49,0.06,0.97,0.01,0.02,0.0,0.27,0.02,0.69,0.0,0.01,0.02,0.22,0.0,0.02,0.0,0.71,0.03,0.02,0.93,0.0,0.0,0.06,0.01,0.0,0.0,0.58,0.24,0.01,0.18,0.0,0.0,0.0,0.0,0.0,kagisano-molopo,4,3,Mob violence,2,2,1
Northern Cape,NC,3.0,DC8,Z F Mgcawu,NC082,kai !garib,378.0,182.0,"85,104",0.58,0.35,0.04,0.04,0.86,0.02,0.11,0.0,0.77,0.01,0.07,0.05,0.02,0.08,0.5,0.01,0.01,0.19,0.22,0.05,0.02,0.92,0.0,0.01,0.05,0.01,0.01,0.01,0.71,0.23,0.0,0.03,0.0,0.0,0.0,0.01,0.01,kai !garib,1,0,Protest with intervention,1,0,0
Northern Cape,NC,3.0,DC6,Namakwa,NC064,kamiesberg,365.0,170.0,"15,130",0.46,0.52,0.0,0.01,0.96,0.01,0.03,0.0,0.58,0.01,0.35,0.01,0.0,0.05,0.6,0.06,0.0,0.32,0.01,0.0,0.0,0.98,0.0,0.0,0.01,0.0,0.0,0.0,0.74,0.23,0.0,0.02,0.0,0.0,0.0,0.0,0.0,kamiesberg,1,0,Peaceful protest,1,0,0
Northern Cape,NC,3.0,DC7,Pixley ka Seme,NC074,kareeberg,372.0,177.0,"10,961",0.52,0.4,0.08,0.0,0.85,0.0,0.13,0.01,0.81,0.0,0.1,0.04,0.0,0.05,0.83,0.0,0.01,0.03,0.07,0.05,0.0,0.86,0.0,0.0,0.11,0.02,0.0,0.0,0.66,0.23,0.01,0.09,0.0,0.0,0.0,0.0,0.0,kareeberg,1,0,Mob violence,0,1,1
Northern Cape,NC,3.0,DC8,Z F Mgcawu,NC086,kgatelopele,382.0,185.0,"19,854",0.73,0.22,0.05,0.0,0.91,0.0,0.09,0.0,0.95,0.01,0.02,0.01,0.01,0.01,0.9,0.01,0.03,0.05,0.01,0.0,0.0,0.97,0.0,0.0,0.02,0.01,0.0,0.0,0.77,0.2,0.01,0.01,0.0,0.0,0.0,0.0,0.0,kgatelopele,1,0,Protest with intervention,1,0,0
North West,NW,6.0,DC37,Bojanala,NW374,kgetlengrivier,663.0,198.0,"54,759",0.58,0.33,0.07,0.01,0.89,0.0,0.09,0.01,0.89,0.0,0.07,0.0,0.0,0.03,0.69,0.02,0.01,0.07,0.13,0.06,0.01,0.94,0.0,0.0,0.04,0.01,0.0,0.0,0.64,0.3,0.02,0.04,0.0,0.0,0.0,0.0,0.0,kgetlengrivier,3,0,Peaceful protest,2,1,1
Eastern Cape,EC,2.0,DC15,O.R.Tambo,EC157,king sabata dalindyebo,294.0,37.0,"476,558",0.42,0.25,0.05,0.27,0.85,0.14,0.0,0.0,0.48,0.03,0.42,0.01,0.02,0.04,0.43,0.01,0.01,0.01,0.46,0.07,0.01,0.95,0.0,0.01,0.02,0.01,0.0,0.0,0.63,0.29,0.03,0.04,0.0,0.0,0.0,0.0,0.0,king sabata dalindyebo,46,8,Peaceful protest,24,22,1
Western Cape,WC,1.0,DC4,Garden Route,WC048,knysna,180.0,234.0,"96,055",0.83,0.07,0.1,0.01,0.84,0.02,0.14,0.0,0.91,0.03,0.02,0.03,0.0,0.01,0.89,0.0,0.0,0.07,0.02,0.01,0.01,0.94,0.0,0.02,0.03,0.01,0.0,0.0,0.59,0.37,0.02,0.01,0.0,0.0,0.0,0.0,0.0,knysna,18,1,Peaceful protest,13,5,1
Eastern Cape,EC,2.0,DC10,Sarah Baartman,EC108,kouga,268.0,11.0,"107,014",0.72,0.16,0.1,0.02,0.85,0.01,0.14,0.0,0.85,0.0,0.03,0.09,0.01,0.02,0.86,0.01,0.01,0.09,0.01,0.02,0.01,0.97,0.0,0.02,0.01,0.0,0.0,0.0,0.66,0.32,0.02,0.01,0.0,0.0,0.0,0.0,0.0,kouga,3,1,Peaceful protest,2,1,1
KwaZulu-Natal,KZN,5.0,DC29,iLembe,KZN292,kwadukuza,592.0,114.0,"324,912",0.53,0.2,0.23,0.04,0.95,0.01,0.04,0.0,0.58,0.08,0.32,0.0,0.01,0.01,0.73,0.02,0.03,0.02,0.16,0.04,0.0,0.99,0.0,0.0,0.01,0.0,0.0,0.0,0.71,0.27,0.0,0.01,0.0,0.0,0.0,0.0,0.0,kwadukuza,8,0,Violent demonstration,3,5,1
Western Cape,WC,1.0,DC2,Cape Winelands,WC026,langeberg,169.0,223.0,"94,045",0.92,0.05,0.02,0.01,0.92,0.01,0.07,0.0,0.96,0.0,0.0,0.01,0.01,0.01,0.86,0.02,0.02,0.03,0.05,0.01,0.0,0.97,0.0,0.01,0.01,0.0,0.0,0.0,0.78,0.19,0.01,0.01,0.0,0.0,0.0,0.0,0.0,langeberg,2,0,Peaceful protest,1,1,1
Mpumalanga,MP,8.0,DC30,Gert Sibande,MP305,lekwa,864.0,155.0,"119,669",0.69,0.24,0.03,0.04,0.88,0.02,0.1,0.0,0.91,0.01,0.04,0.01,0.0,0.02,0.78,0.01,0.04,0.02,0.08,0.06,0.0,0.95,0.0,0.01,0.04,0.0,0.0,0.0,0.76,0.18,0.01,0.03,0.02,0.0,0.0,0.0,0.0,lekwa,1,0,Peaceful protest,1,0,0
North West,NW,6.0,DC39,Dr Ruth Segomotsi Mompati,NW396,lekwa-teemane,673.0,208.0,"59,815",0.51,0.44,0.02,0.03,0.96,0.0,0.04,0.0,0.96,0.0,0.01,0.0,0.0,0.01,0.86,0.01,0.0,0.08,0.03,0.02,0.0,0.96,0.0,0.0,0.03,0.0,0.0,0.0,0.83,0.14,0.02,0.01,0.0,0.0,0.0,0.0,0.0,lekwa-teemane,4,0,Peaceful protest,2,2,1
Limpopo,LP,9.0,DC35,Capricorn,LIM355,lepelle-nkumpi,976.0,138.0,"284,404",0.37,0.34,0.11,0.19,0.97,0.01,0.01,0.0,0.35,0.02,0.59,0.02,0.02,0.01,0.32,0.0,0.01,0.01,0.59,0.06,0.01,0.97,0.0,0.0,0.02,0.01,0.0,0.0,0.56,0.19,0.0,0.25,0.0,0.0,0.0,0.0,0.0,lepelle-nkumpi,16,4,Mob violence,5,11,1
Limpopo,LP,9.0,DC36,Waterberg,LIM362,lephalale,978.0,141.0,"125,198",0.44,0.27,0.17,0.12,0.87,0.01,0.11,0.01,0.49,0.01,0.46,0.01,0.01,0.02,0.47,0.01,0.04,0.04,0.36,0.07,0.01,0.93,0.0,0.0,0.05,0.01,0.0,0.0,0.43,0.3,0.03,0.24,0.0,0.0,0.0,0.0,0.0,lephalale,3,3,Mob violence,1,2,1
Gauteng,GP,7.0,DC42,Sedibeng,GT423,lesedi,762.0,67.0,"132,783",0.73,0.25,0.02,0.01,0.95,0.01,0.04,0.0,0.97,0.0,0.02,0.0,0.0,0.0,0.91,0.01,0.0,0.02,0.04,0.01,0.0,0.96,0.0,0.0,0.03,0.01,0.0,0.0,0.7,0.26,0.02,0.02,0.01,0.0,0.0,0.0,0.0,lesedi,10,0,Peaceful protest,5,5,1
North West,NW,6.0,DC37,Bojanala,NW372,local municipality of madibeng,661.0,196.0,"522,566",0.39,0.32,0.11,0.18,0.76,0.01,0.22,0.01,0.51,0.01,0.44,0.01,0.01,0.02,0.47,0.01,0.02,0.03,0.39,0.07,0.01,0.91,0.0,0.01,0.06,0.01,0.0,0.0,0.67,0.24,0.06,0.03,0.0,0.0,0.0,0.0,0.0,local municipality of madibeng,21,4,Peaceful protest,12,9,1
North West,NW,6.0,DC38,Ngaka Modiri Molema,NW383,mafikeng,667.0,202.0,"354,504",0.44,0.24,0.17,0.15,0.93,0.01,0.06,0.0,0.51,0.01,0.46,0.0,0.01,0.01,0.35,0.01,0.02,0.0,0.57,0.03,0.02,0.97,0.0,0.0,0.02,0.0,0.0,0.0,0.72,0.23,0.01,0.03,0.0,0.0,0.0,0.0,0.0,mafikeng,20,4,Peaceful protest,10,10,1
Northern Cape,NC,3.0,DC9,Francis Baard,NC093,magareng,385.0,189.0,"26,816",0.44,0.29,0.22,0.05,0.9,0.01,0.1,0.0,0.88,0.0,0.1,0.01,0.01,0.01,0.77,0.03,0.01,0.02,0.12,0.04,0.02,0.96,0.0,0.0,0.03,0.0,0.0,0.0,0.8,0.16,0.01,0.03,0.0,0.0,0.0,0.0,0.0,magareng,5,0,Peaceful protest,3,2,1
Eastern Cape,EC,2.0,DC10,Sarah Baartman,EC104,makana,264.0,8.0,"97,815",0.64,0.26,0.08,0.02,0.9,0.01,0.09,0.0,0.9,0.0,0.06,0.02,0.0,0.02,0.86,0.02,0.01,0.06,0.03,0.02,0.0,0.95,0.0,0.03,0.01,0.0,0.0,0.0,0.67,0.3,0.03,0.0,0.0,0.0,0.0,0.0,0.0,makana,49,2,Peaceful protest,42,7,1
Limpopo,LP,9.0,DC34,Vhembe,LIM344,makhado,968.0,131.0,"502,452",0.26,0.27,0.19,0.28,0.95,0.03,0.02,0.0,0.3,0.0,0.65,0.02,0.01,0.02,0.21,0.01,0.02,0.02,0.69,0.04,0.01,0.96,0.0,0.0,0.02,0.01,0.0,0.01,0.37,0.16,0.01,0.46,0.0,0.0,0.0,0.0,0.0,makhado,69,23,Peaceful protest,28,41,1
Limpopo,LP,9.0,DC47,Sekhukhune,LIM473,makhuduthamaga,985.0,147.0,"340,328",0.19,0.22,0.29,0.3,0.97,0.01,0.02,0.0,0.18,0.01,0.77,0.01,0.02,0.01,0.16,0.0,0.02,0.02,0.72,0.06,0.01,0.96,0.0,0.0,0.03,0.0,0.0,0.0,0.54,0.15,0.01,0.29,0.0,0.0,0.0,0.0,0.0,makhuduthamaga,8,7,Mob violence,0,8,1
Free State,FS,4.0,DC19,Thabo Mofutsanyane,FS194,maluti-a-phofung,472.0,57.0,"398,459",0.36,0.55,0.03,0.06,0.88,0.04,0.08,0.0,0.43,0.04,0.47,0.03,0.03,0.02,0.31,0.01,0.03,0.0,0.53,0.11,0.01,0.96,0.0,0.0,0.03,0.0,0.0,0.0,0.84,0.12,0.01,0.02,0.0,0.0,0.0,0.0,0.0,maluti-a-phofung,26,7,Peaceful protest,16,10,1
North West,NW,6.0,DC39,Dr Ruth Segomotsi Mompati,NW393,mamusa,671.0,206.0,"70,483",0.36,0.4,0.14,0.1,0.93,0.0,0.06,0.0,0.67,0.0,0.29,0.01,0.0,0.03,0.58,0.03,0.03,0.0,0.21,0.14,0.0,0.94,0.0,0.0,0.05,0.0,0.0,0.0,0.77,0.18,0.04,0.01,0.0,0.0,0.0,0.0,0.0,mamusa,1,2,Violent demonstration,0,1,1
KwaZulu-Natal,KZN,5.0,DC29,iLembe,KZN291,mandeni,591.0,113.0,"180,939",0.4,0.28,0.15,0.18,0.92,0.05,0.03,0.0,0.43,0.09,0.41,0.03,0.01,0.02,0.41,0.01,0.02,0.06,0.46,0.04,0.0,0.98,0.0,0.0,0.01,0.0,0.0,0.0,0.8,0.16,0.0,0.03,0.0,0.0,0.0,0.0,0.0,mandeni,3,0,Violent demonstration,0,3,1
,,,,,,,,,,,,,,,,,,,,,,,,,,,,,,,,,,,,,,,,,,,,,,,mangaung,47,2,Peaceful protest,35,12,1
North West,NW,6.0,DC40,Dr Kenneth Kaunda,NW404,maquassi hills,678.0,211.0,"90,302",0.4,0.46,0.06,0.07,0.93,0.0,0.06,0.0,0.89,0.0,0.02,0.02,0.01,0.06,0.48,0.01,0.06,0.05,0.29,0.1,0.0,0.94,0.0,0.0,0.05,0.0,0.0,0.0,0.74,0.21,0.04,0.02,0.0,0.0,0.0,0.0,0.0,maquassi hills,3,0,Violent demonstration,1,2,1
Free State,FS,4.0,DC18,Lejweleputswa,FS181,masilonyana,464.0,48.0,"63,800",0.4,0.56,0.02,0.03,0.91,0.0,0.07,0.01,0.91,0.0,0.03,0.05,0.01,0.01,0.79,0.02,0.0,0.03,0.13,0.01,0.0,0.93,0.0,0.01,0.04,0.01,0.0,0.0,0.78,0.16,0.04,0.01,0.0,0.0,0.0,0.0,0.0,masilonyana,2,0,Violent demonstration,0,2,1
Eastern Cape,EC,2.0,DC44,Alfred Nzo,EC441,matatiele,295.0,38.0,"225,562",0.29,0.25,0.2,0.26,0.76,0.23,0.01,0.0,0.28,0.06,0.58,0.02,0.03,0.04,0.27,0.01,0.01,0.01,0.64,0.05,0.02,0.85,0.01,0.01,0.03,0.1,0.0,0.0,0.53,0.27,0.05,0.14,0.0,0.0,0.01,0.0,0.0,matatiele,1,0,Peaceful protest,1,0,0
Free State,FS,4.0,DC18,Lejweleputswa,FS184,matjhabeng,467.0,51.0,"439,034",0.61,0.31,0.05,0.02,0.88,0.0,0.11,0.0,0.87,0.0,0.08,0.02,0.01,0.02,0.65,0.05,0.02,0.03,0.15,0.1,0.01,0.95,0.0,0.02,0.03,0.01,0.0,0.0,0.77,0.19,0.04,0.0,0.0,0.0,0.0,0.0,0.0,matjhabeng,17,2,Peaceful protest,9,8,1
Western Cape,WC,1.0,DC1,West Coast,WC011,matzikama,160.0,214.0,"69,043",0.83,0.14,0.02,0.01,0.89,0.01,0.1,0.01,0.94,0.0,0.01,0.03,0.0,0.02,0.82,0.01,0.01,0.08,0.06,0.01,0.0,0.97,0.0,0.0,0.02,0.0,0.0,0.0,0.72,0.25,0.0,0.02,0.0,0.0,0.0,0.0,0.0,matzikama,6,0,Peaceful protest,3,3,1
Eastern Cape,EC,2.0,DC12,Amathole,EC121,mbhashe,270.0,13.0,"240,020",0.27,0.05,0.2,0.49,0.69,0.3,0.01,0.0,0.26,0.1,0.58,0.02,0.02,0.01,0.27,0.0,0.01,0.01,0.56,0.13,0.02,0.9,0.0,0.04,0.04,0.01,0.0,0.0,0.6,0.27,0.05,0.08,0.0,0.0,0.0,0.0,0.0,mbhashe,10,1,Peaceful protest,9,1,1
Gauteng,GP,7.0,DC48,West Rand,GT484,merafong city,766.0,69.0,"225,476",0.82,0.14,0.03,0.01,0.92,0.0,0.08,0.0,0.94,0.0,0.04,0.01,0.0,0.0,0.82,0.01,0.02,0.01,0.05,0.09,0.0,0.98,0.0,0.0,0.01,0.0,0.0,0.0,0.72,0.26,0.02,0.0,0.0,0.0,0.0,0.0,0.0,merafong city,25,1,Peaceful protest,15,10,1
Free State,FS,4.0,DC20,Fezile Dabi,FS204,metsimaholo,478.0,62.0,"158,391",0.67,0.25,0.06,0.02,0.88,0.0,0.11,0.0,0.84,0.01,0.11,0.03,0.0,0.01,0.8,0.01,0.02,0.07,0.06,0.04,0.0,0.89,0.0,0.02,0.06,0.03,0.0,0.0,0.64,0.31,0.04,0.01,0.0,0.0,0.0,0.0,0.0,metsimaholo,5,0,Peaceful protest,4,1,1
Eastern Cape,EC,2.0,DC15,O.R.Tambo,EC156,mhlontlo,293.0,35.0,"186,391",0.27,0.13,0.22,0.39,0.72,0.27,0.0,0.01,0.26,0.08,0.56,0.01,0.02,0.07,0.26,0.0,0.02,0.0,0.57,0.12,0.03,0.96,0.0,0.01,0.03,0.0,0.0,0.0,0.6,0.27,0.02,0.1,0.0,0.0,0.0,0.0,0.0,mhlontlo,3,1,Peaceful protest,2,1,1
Gauteng,GP,7.0,DC42,Sedibeng,GT422,midvaal,761.0,66.0,"112,254",0.87,0.08,0.03,0.02,0.93,0.0,0.06,0.0,0.94,0.01,0.02,0.02,0.0,0.0,0.86,0.01,0.01,0.09,0.02,0.01,0.0,0.93,0.0,0.01,0.04,0.01,0.0,0.0,0.56,0.39,0.03,0.01,0.0,0.0,0.0,0.0,0.0,midvaal,11,0,Peaceful protest,7,4,1
KwaZulu-Natal,KZN,5.0,DC22,Umgungundlovu,KZN226,mkhambathini,567.0,85.0,"61,660",0.24,0.42,0.11,0.23,0.8,0.17,0.02,0.0,0.25,0.12,0.58,0.0,0.02,0.03,0.16,0.0,0.01,0.01,0.77,0.03,0.02,0.96,0.0,0.0,0.02,0.0,0.0,0.01,0.78,0.14,0.01,0.05,0.0,0.0,0.0,0.0,0.01,mkhambathini,6,0,Peaceful protest,4,2,1
Mpumalanga,MP,8.0,DC30,Gert Sibande,MP303,mkhondo,862.0,153.0,"255,411",0.42,0.35,0.12,0.11,0.88,0.09,0.03,0.0,0.51,0.06,0.34,0.01,0.03,0.04,0.49,0.01,0.02,0.01,0.4,0.06,0.01,0.89,0.02,0.0,0.08,0.0,0.0,0.0,0.45,0.19,0.01,0.34,0.0,0.0,0.0,0.0,0.0,mkhondo,5,2,Peaceful protest,3,2,1
Eastern Cape,EC,2.0,DC12,Amathole,EC122,mnquma,271.0,14.0,"232,993",0.33,0.06,0.22,0.39,0.79,0.19,0.01,0.01,0.34,0.06,0.55,0.0,0.03,0.01,0.32,0.0,0.02,0.01,0.51,0.09,0.05,0.95,0.0,0.03,0.02,0.01,0.0,0.0,0.67,0.25,0.04,0.04,0.0,0.0,0.0,0.0,0.0,mnquma,12,0,Peaceful protest,10,2,1
Limpopo,LP,9.0,DC36,Waterberg,LIM368,modimolle-mookgophong,986.0,144.0,"130,113",0.52,0.31,0.08,0.08,0.88,0.01,0.11,0.0,0.78,0.02,0.13,0.03,0.01,0.02,0.72,0.01,0.02,0.03,0.18,0.04,0.0,0.89,0.0,0.0,0.08,0.02,0.0,0.0,0.58,0.29,0.02,0.1,0.0,0.0,0.0,0.0,0.0,modimolle-mookgophong,7,1,Peaceful protest,4,3,1
Limpopo,LP,9.0,DC36,Waterberg,LIM367,mogalakwena,982.0,143.0,"378,198",0.36,0.36,0.14,0.14,0.97,0.0,0.02,0.0,0.43,0.01,0.54,0.01,0.01,0.01,0.39,0.01,0.02,0.0,0.5,0.06,0.01,0.97,0.0,0.0,0.02,0.0,0.0,0.0,0.52,0.23,0.01,0.24,0.0,0.0,0.0,0.0,0.0,mogalakwena,7,2,Peaceful protest,5,2,1
Gauteng,GP,7.0,DC48,West Rand,GT481,mogale city,763.0,68.0,"438,217",0.72,0.2,0.07,0.02,0.85,0.0,0.14,0.0,0.89,0.03,0.04,0.02,0.0,0.0,0.85,0.01,0.01,0.04,0.06,0.03,0.0,0.94,0.0,0.01,0.04,0.01,0.0,0.0,0.6,0.35,0.04,0.01,0.0,0.0,0.0,0.0,0.0,mogale city,19,2,Violent demonstration,8,11,1
Free State,FS,4.0,DC16,Xhariep,FS163,mohokare,462.0,47.0,"36,968",0.32,0.6,0.06,0.02,0.92,0.0,0.07,0.01,0.87,0.01,0.05,0.05,0.01,0.02,0.65,0.01,0.05,0.02,0.21,0.06,0.01,0.93,0.0,0.02,0.04,0.01,0.0,0.0,0.76,0.17,0.05,0.01,0.0,0.0,0.0,0.0,0.0,mohokare,2,0,Peaceful protest,1,1,1
Limpopo,LP,9.0,DC35,Capricorn,LIM353,molemole,973.0,136.0,"127,130",0.29,0.41,0.13,0.17,0.97,0.02,0.01,0.0,0.33,0.01,0.61,0.04,0.0,0.02,0.24,0.01,0.02,0.01,0.66,0.05,0.01,0.97,0.01,0.0,0.02,0.0,0.0,0.0,0.65,0.21,0.01,0.14,0.0,0.0,0.0,0.0,0.0,molemole,3,0,Peaceful protest,2,1,1
Free State,FS,4.0,DC20,Fezile Dabi,FS201,moqhaka,475.0,60.0,"155,410",0.64,0.32,0.02,0.01,0.91,0.0,0.08,0.01,0.92,0.01,0.05,0.01,0.0,0.01,0.88,0.01,0.0,0.05,0.04,0.02,0.0,0.98,0.0,0.0,0.02,0.0,0.0,0.0,0.84,0.13,0.02,0.01,0.0,0.0,0.0,0.0,0.0,moqhaka,5,0,Peaceful protest,5,0,0
North West,NW,6.0,DC37,Bojanala,NW371,moretele,660.0,195.0,"219,120",0.21,0.41,0.11,0.26,0.92,0.0,0.07,0.0,0.19,0.01,0.76,0.0,0.03,0.01,0.34,0.02,0.01,0.12,0.46,0.05,0.01,0.98,0.0,0.0,0.02,0.0,0.0,0.0,0.76,0.15,0.01,0.08,0.0,0.0,0.0,0.0,0.0,moretele,10,0,Peaceful protest,8,2,1
North West,NW,6.0,DC37,Bojanala,NW375,moses kotane,664.0,199.0,"265,668",0.3,0.33,0.21,0.16,0.9,0.01,0.08,0.01,0.33,0.01,0.64,0.01,0.01,0.01,0.49,0.02,0.01,0.2,0.24,0.02,0.02,0.97,0.0,0.0,0.02,0.0,0.0,0.0,0.74,0.18,0.01,0.07,0.0,0.0,0.0,0.0,0.0,moses kotane,9,0,Peaceful protest,5,4,1
Western Cape,WC,1.0,DC4,Garden Route,WC043,mossel bay,176.0,230.0,"140,075",0.9,0.05,0.04,0.01,0.92,0.01,0.06,0.0,0.97,0.0,0.0,0.01,0.0,0.01,0.93,0.01,0.01,0.03,0.02,0.01,0.0,0.98,0.0,0.0,0.01,0.0,0.0,0.0,0.61,0.38,0.01,0.0,0.0,0.0,0.0,0.0,0.0,mossel bay,4,0,Peaceful protest,2,2,1
KwaZulu-Natal,KZN,5.0,DC22,Umgungundlovu,KZN223,mpofana,564.0,80.0,"33,382",0.6,0.21,0.06,0.14,0.91,0.08,0.01,0.0,0.8,0.02,0.15,0.01,0.02,0.0,0.74,0.01,0.01,0.02,0.21,0.01,0.0,0.96,0.0,0.0,0.03,0.01,0.0,0.0,0.64,0.18,0.0,0.17,0.0,0.0,0.0,0.0,0.0,mpofana,5,1,Violent demonstration,1,4,1
Mpumalanga,MP,8.0,DC30,Gert Sibande,MP302,msukaligwa,861.0,152.0,"199,314",0.65,0.2,0.09,0.06,0.85,0.04,0.11,0.0,0.79,0.01,0.15,0.02,0.01,0.02,0.74,0.01,0.01,0.01,0.14,0.08,0.01,0.87,0.01,0.0,0.1,0.02,0.0,0.0,0.48,0.24,0.01,0.14,0.13,0.0,0.0,0.0,0.0,msukaligwa,3,0,Violent demonstration,1,2,1
KwaZulu-Natal,KZN,5.0,DC28,King Cetshwayo,KZN285,mthonjaneni,590.0,111.0,"99,289",0.33,0.28,0.2,0.19,0.75,0.23,0.01,0.01,0.37,0.19,0.29,0.04,0.04,0.06,0.32,0.02,0.03,0.01,0.51,0.09,0.03,0.96,0.01,0.0,0.03,0.0,0.0,0.0,0.64,0.18,0.01,0.16,0.0,0.0,0.0,0.0,0.0,mthonjaneni,2,0,Peaceful protest,1,1,1
KwaZulu-Natal,KZN,5.0,DC27,Umkhanyakude,KZN275,mtubatuba,586.0,106.0,"215,869",0.29,0.23,0.1,0.38,0.93,0.05,0.02,0.0,0.3,0.17,0.42,0.03,0.05,0.04,0.26,0.01,0.02,0.01,0.64,0.05,0.01,0.97,0.0,0.0,0.02,0.0,0.0,0.0,0.75,0.17,0.0,0.08,0.0,0.0,0.0,0.0,0.0,mtubatuba,1,0,Violent demonstration,0,1,1
Limpopo,LP,9.0,DC34,Vhembe,LIM341,musina,967.0,129.0,"130,899",0.35,0.31,0.25,0.09,0.91,0.03,0.06,0.0,0.56,0.03,0.32,0.03,0.02,0.04,0.5,0.01,0.03,0.09,0.32,0.05,0.01,0.92,0.0,0.0,0.05,0.01,0.0,0.01,0.46,0.18,0.0,0.36,0.0,0.0,0.0,0.0,0.0,musina,18,1,Peaceful protest,11,7,1
Northern Cape,NC,3.0,DC6,Namakwa,NC062,nama khoi,364.0,169.0,"67,089",0.86,0.12,0.01,0.01,0.96,0.02,0.01,0.0,0.87,0.01,0.09,0.02,0.0,0.02,0.85,0.0,0.01,0.1,0.04,0.0,0.0,0.97,0.0,0.0,0.02,0.01,0.0,0.0,0.84,0.14,0.0,0.01,0.0,0.0,0.0,0.0,0.01,nama khoi,3,0,Peaceful protest,2,1,1
Eastern Cape,EC,2.0,DC10,Sarah Baartman,EC105,ndlambe,265.0,9.0,"87,797",0.6,0.31,0.07,0.03,0.91,0.01,0.08,0.0,0.85,0.02,0.09,0.02,0.01,0.01,0.9,0.01,0.01,0.02,0.04,0.01,0.0,0.93,0.0,0.03,0.02,0.0,0.0,0.0,0.53,0.42,0.03,0.01,0.0,0.0,0.0,0.01,0.0,ndlambe,4,0,Peaceful protest,4,0,0
KwaZulu-Natal,KZN,5.0,DC29,iLembe,KZN293,ndwedwe,593.0,115.0,"165,826",0.22,0.23,0.09,0.46,0.72,0.26,0.01,0.0,0.22,0.16,0.49,0.02,0.08,0.03,0.17,0.0,0.02,0.0,0.67,0.11,0.02,0.96,0.0,0.0,0.03,0.0,0.0,0.0,0.62,0.18,0.01,0.18,0.0,0.0,0.0,0.0,0.01,ndwedwe,3,0,Peaceful protest,2,1,1
,,,,,,,,,,,,,,,,,,,,,,,,,,,,,,,,,,,,,,,,,,,,,,,nelson mandela bay,268,11,Peaceful protest,171,97,1
KwaZulu-Natal,KZN,5.0,DC25,Amajuba,KZN252,newcastle,524.0,96.0,"507,710",0.58,0.38,0.02,0.02,0.96,0.02,0.02,0.0,0.76,0.02,0.19,0.01,0.01,0.02,0.73,0.01,0.01,0.01,0.2,0.03,0.0,0.97,0.0,0.0,0.02,0.0,0.0,0.0,0.8,0.17,0.01,0.02,0.0,0.0,0.0,0.0,0.0,newcastle,29,2,Peaceful protest,21,8,1
Eastern Cape,EC,2.0,DC12,Amathole,EC126,ngqushwa,274.0,19.0,"68,300",0.29,0.21,0.24,0.26,0.89,0.09,0.02,0.0,0.29,0.06,0.61,0.0,0.03,0.01,0.24,0.0,0.01,0.02,0.66,0.05,0.01,0.97,0.0,0.01,0.01,0.0,0.0,0.0,0.69,0.26,0.01,0.03,0.0,0.0,0.0,0.0,0.0,ngqushwa,2,5,Mob violence,0,2,1
Eastern Cape,EC,2.0,DC15,O.R.Tambo,EC153,ngquza hill,290.0,31.0,"354,573",0.18,0.03,0.07,0.72,0.77,0.21,0.02,0.01,0.18,0.14,0.56,0.03,0.04,0.05,0.18,0.01,0.02,0.0,0.65,0.13,0.02,0.93,0.01,0.01,0.05,0.0,0.0,0.0,0.54,0.18,0.02,0.25,0.0,0.0,0.0,0.0,0.0,ngquza hill,1,0,Peaceful protest,1,0,0
Free State,FS,4.0,DC20,Fezile Dabi,FS203,ngwathe,477.0,61.0,"134,962",0.54,0.41,0.04,0.02,0.91,0.0,0.07,0.01,0.89,0.0,0.05,0.04,0.01,0.01,0.88,0.01,0.0,0.03,0.04,0.03,0.0,0.96,0.0,0.0,0.03,0.0,0.0,0.0,0.75,0.21,0.02,0.01,0.0,0.0,0.0,0.0,0.0,ngwathe,9,0,Violent demonstration,4,5,1
KwaZulu-Natal,KZN,5.0,DC28,King Cetshwayo,KZN286,nkandla,542.0,112.0,"108,896",0.18,0.53,0.09,0.21,0.56,0.43,0.01,0.0,0.17,0.12,0.65,0.01,0.03,0.03,0.16,0.0,0.02,0.0,0.66,0.15,0.0,0.96,0.0,0.0,0.04,0.0,0.0,0.0,0.54,0.15,0.01,0.3,0.0,0.0,0.0,0.0,0.0,nkandla,3,0,Violent demonstration,1,2,1
Free State,FS,4.0,DC19,Thabo Mofutsanyane,FS193,nketoana,471.0,56.0,"66,488",0.37,0.51,0.07,0.05,0.84,0.01,0.14,0.01,0.77,0.04,0.08,0.08,0.01,0.02,0.59,0.03,0.04,0.04,0.21,0.09,0.0,0.91,0.0,0.01,0.07,0.01,0.0,0.0,0.74,0.17,0.01,0.07,0.01,0.0,0.0,0.0,0.0,nketoana,1,0,Peaceful protest,1,0,0
Mpumalanga,MP,8.0,DC32,Ehlanzeni,MP324,nkomazi,876.0,165.0,"591,928",0.3,0.41,0.09,0.21,0.96,0.01,0.02,0.0,0.27,0.03,0.64,0.01,0.02,0.03,0.29,0.01,0.02,0.05,0.55,0.06,0.01,0.96,0.01,0.0,0.02,0.0,0.0,0.0,0.7,0.17,0.0,0.12,0.0,0.0,0.0,0.0,0.0,nkomazi,33,10,Mob violence,14,19,1
KwaZulu-Natal,KZN,5.0,DC26,Zululand,KZN265,nongoma,580.0,102.0,"225,278",0.2,0.22,0.14,0.44,0.88,0.11,0.01,0.0,0.18,0.18,0.45,0.02,0.08,0.1,0.15,0.0,0.02,0.01,0.65,0.15,0.03,0.97,0.0,0.0,0.03,0.0,0.0,0.0,0.75,0.15,0.01,0.09,0.0,0.0,0.0,0.0,0.0,nongoma,3,1,Mob violence,0,3,1
KwaZulu-Natal,KZN,5.0,DC24,Umzinyathi,KZN242,nqutu,575.0,92.0,"201,133",0.2,0.28,0.22,0.3,0.75,0.23,0.01,0.0,0.2,0.09,0.59,0.02,0.06,0.04,0.22,0.0,0.01,0.0,0.67,0.08,0.02,0.94,0.01,0.0,0.04,0.0,0.0,0.0,0.72,0.13,0.02,0.12,0.0,0.0,0.0,0.0,0.0,nqutu,2,0,Peaceful protest,2,0,0
Eastern Cape,EC,2.0,DC44,Alfred Nzo,EC444,ntabankulu,298.0,41.0,"146,423",0.18,0.11,0.24,0.47,0.56,0.43,0.01,0.0,0.2,0.13,0.57,0.01,0.02,0.08,0.2,0.0,0.02,0.01,0.68,0.1,0.0,0.96,0.01,0.01,0.03,0.0,0.0,0.0,0.48,0.22,0.02,0.28,0.0,0.0,0.0,0.0,0.0,ntabankulu,2,0,Peaceful protest,2,0,0
Eastern Cape,EC,2.0,DC15,O.R.Tambo,EC155,nyandeni,292.0,34.0,"304,856",0.24,0.08,0.14,0.54,0.73,0.26,0.01,0.0,0.24,0.06,0.6,0.01,0.02,0.07,0.23,0.0,0.01,0.0,0.64,0.1,0.02,0.93,0.0,0.01,0.05,0.0,0.0,0.0,0.54,0.25,0.03,0.18,0.0,0.0,0.0,0.0,0.0,nyandeni,9,0,Violent demonstration,2,7,1
KwaZulu-Natal,KZN,5.0,DC23,Uthukela,KZN235,okhahlamba,571.0,88.0,"143,132",0.25,0.27,0.21,0.27,0.68,0.29,0.03,0.0,0.26,0.06,0.6,0.01,0.04,0.03,0.25,0.01,0.02,0.0,0.67,0.04,0.01,0.95,0.0,0.0,0.04,0.01,0.0,0.0,0.61,0.21,0.02,0.16,0.0,0.0,0.0,0.0,0.0,okhahlamba,8,0,Peaceful protest,4,4,1
Western Cape,WC,1.0,DC4,Garden Route,WC045,oudtshoorn,178.0,232.0,"138,257",0.85,0.08,0.06,0.0,0.9,0.02,0.08,0.0,0.89,0.02,0.02,0.04,0.02,0.02,0.86,0.02,0.01,0.05,0.06,0.01,0.0,0.92,0.0,0.0,0.05,0.02,0.0,0.0,0.64,0.29,0.01,0.05,0.0,0.0,0.0,0.0,0.0,oudtshoorn,1,0,Peaceful protest,1,0,0
Western Cape,WC,1.0,DC3,Overberg,WC032,overstrand,172.0,225.0,"132,495",0.88,0.07,0.06,0.0,0.9,0.01,0.09,0.0,0.99,0.0,0.0,0.0,0.0,0.0,0.91,0.01,0.01,0.06,0.01,0.0,0.0,0.96,0.01,0.01,0.02,0.01,0.0,0.0,0.37,0.62,0.01,0.0,0.0,0.0,0.0,0.0,0.0,overstrand,8,3,Peaceful protest,5,3,1
Northern Cape,NC,3.0,DC9,Francis Baard,NC094,phokwane,386.0,190.0,"80,481",0.49,0.35,0.13,0.03,0.89,0.0,0.1,0.01,0.77,0.02,0.14,0.01,0.01,0.05,0.59,0.01,0.04,0.01,0.23,0.11,0.0,0.95,0.0,0.0,0.04,0.0,0.0,0.0,0.79,0.15,0.02,0.02,0.0,0.0,0.0,0.0,0.0,phokwane,9,1,Peaceful protest,5,4,1
Free State,FS,4.0,DC19,Thabo Mofutsanyane,FS195,phumelela,473.0,58.0,"52,224",0.43,0.44,0.05,0.08,0.83,0.05,0.11,0.0,0.75,0.02,0.15,0.02,0.05,0.02,0.69,0.04,0.03,0.01,0.15,0.07,0.01,0.85,0.0,0.01,0.13,0.02,0.0,0.0,0.6,0.19,0.02,0.13,0.04,0.0,0.0,0.0,0.0,phumelela,1,0,Peaceful protest,1,0,0
Limpopo,LP,9.0,DC35,Capricorn,LIM354,polokwane,974.0,137.0,"843,459",0.41,0.38,0.1,0.11,0.95,0.01,0.03,0.0,0.48,0.01,0.48,0.01,0.0,0.01,0.47,0.01,0.02,0.03,0.43,0.04,0.01,0.95,0.0,0.0,0.03,0.01,0.0,0.0,0.69,0.2,0.02,0.09,0.0,0.0,0.0,0.0,0.0,polokwane,105,13,Peaceful protest,72,33,1
Eastern Cape,EC,2.0,DC15,O.R.Tambo,EC154,port st johns,291.0,33.0,"179,325",0.19,0.05,0.2,0.56,0.66,0.32,0.01,0.0,0.19,0.09,0.59,0.02,0.05,0.06,0.19,0.0,0.01,0.01,0.63,0.15,0.02,0.92,0.0,0.01,0.06,0.0,0.0,0.0,0.44,0.19,0.01,0.35,0.0,0.0,0.0,0.0,0.0,port st johns,12,2,Peaceful protest,7,5,1
North West,NW,6.0,DC38,Ngaka Modiri Molema,NW385,ramotshere moiloa,669.0,204.0,"161,605",0.35,0.31,0.22,0.11,0.9,0.01,0.08,0.01,0.4,0.01,0.55,0.0,0.01,0.02,0.34,0.0,0.01,0.0,0.6,0.03,0.02,0.93,0.0,0.0,0.06,0.0,0.0,0.0,0.6,0.22,0.01,0.17,0.0,0.0,0.0,0.0,0.0,ramotshere moiloa,13,1,Peaceful protest,6,7,1
Gauteng,GP,7.0,DC48,West Rand,GT485,rand west city,764.0,70.0,"334,773",0.8,0.17,0.02,0.01,0.9,0.0,0.1,0.0,0.9,0.01,0.06,0.02,0.0,0.01,0.85,0.01,0.02,0.03,0.06,0.02,0.0,0.95,0.0,0.01,0.03,0.0,0.0,0.0,0.57,0.39,0.03,0.0,0.0,0.0,0.0,0.0,0.0,rand west city,18,0,Peaceful protest,9,9,1
North West,NW,6.0,DC38,Ngaka Modiri Molema,NW381,ratlou,665.0,200.0,"128,766",0.22,0.13,0.43,0.21,0.94,0.03,0.03,0.0,0.21,0.0,0.69,0.01,0.01,0.08,0.19,0.0,0.01,0.0,0.76,0.04,0.01,0.93,0.0,0.0,0.06,0.0,0.0,0.0,0.63,0.19,0.02,0.15,0.0,0.0,0.0,0.0,0.0,ratlou,2,0,Peaceful protest,1,1,1
KwaZulu-Natal,KZN,5.0,DC21,Ugu,KZN216,ray nkonyeni,506.0,77.0,"362,134",0.43,0.21,0.28,0.09,0.94,0.03,0.03,0.0,0.44,0.07,0.43,0.01,0.03,0.02,0.4,0.01,0.01,0.01,0.54,0.03,0.01,0.98,0.0,0.0,0.01,0.0,0.0,0.0,0.74,0.23,0.01,0.02,0.0,0.0,0.0,0.0,0.0,ray nkonyeni,9,0,Peaceful protest,6,3,1
Eastern Cape,EC,2.0,DC12,Amathole,EC129,raymond mhlaba,275.0,21.0,"178,594",0.44,0.26,0.2,0.11,0.89,0.09,0.03,0.0,0.6,0.03,0.34,0.01,0.02,0.01,0.49,0.01,0.01,0.02,0.41,0.06,0.01,0.97,0.0,0.01,0.01,0.0,0.0,0.0,0.75,0.21,0.01,0.03,0.0,0.0,0.0,0.0,0.0,raymond mhlaba,22,5,Peaceful protest,12,10,1
Northern Cape,NC,3.0,DC7,Pixley ka Seme,NC075,renosterberg,373.0,178.0,"10,843",0.57,0.4,0.01,0.02,0.93,0.0,0.07,0.0,0.93,0.0,0.01,0.02,0.0,0.04,0.68,0.05,0.0,0.02,0.14,0.1,0.0,0.91,0.0,0.02,0.04,0.02,0.0,0.0,0.78,0.15,0.03,0.03,0.0,0.0,0.0,0.0,0.01,renosterberg,3,0,Violent demonstration,1,2,1
KwaZulu-Natal,KZN,5.0,DC22,Umgungundlovu,KZN227,richmond,568.0,87.0,"62,754",0.24,0.47,0.22,0.07,0.82,0.16,0.02,0.0,0.23,0.12,0.62,0.0,0.01,0.02,0.27,0.0,0.03,0.01,0.67,0.01,0.01,0.98,0.0,0.0,0.02,0.0,0.0,0.0,0.8,0.13,0.01,0.06,0.0,0.0,0.0,0.0,0.0,richmond,4,0,Peaceful protest,3,1,1
North West,NW,6.0,DC37,Bojanala,NW373,rustenburg,662.0,197.0,"562,315",0.53,0.38,0.05,0.04,0.86,0.0,0.13,0.0,0.73,0.01,0.24,0.01,0.0,0.01,0.76,0.02,0.02,0.03,0.14,0.02,0.01,0.94,0.0,0.01,0.03,0.0,0.0,0.0,0.7,0.25,0.04,0.01,0.0,0.0,0.0,0.0,0.0,rustenburg,45,3,Peaceful protest,29,16,1
Western Cape,WC,1.0,DC1,West Coast,WC014,saldanha bay,163.0,217.0,"154,635",0.87,0.06,0.05,0.02,0.88,0.0,0.12,0.0,0.93,0.0,0.01,0.03,0.01,0.01,0.89,0.01,0.0,0.06,0.01,0.03,0.0,0.95,0.01,0.02,0.02,0.0,0.0,0.0,0.59,0.4,0.01,0.0,0.0,0.0,0.0,0.0,0.0,saldanha bay,8,0,Peaceful protest,8,0,0
Eastern Cape,EC,2.0,DC14,Joe Gqabi,EC142,senqu,287.0,29.0,"147,073",0.35,0.31,0.09,0.25,0.89,0.08,0.03,0.01,0.4,0.02,0.5,0.01,0.02,0.04,0.37,0.0,0.01,0.02,0.51,0.08,0.01,0.96,0.0,0.01,0.02,0.0,0.0,0.0,0.67,0.29,0.03,0.01,0.0,0.0,0.0,0.0,0.0,senqu,1,0,Peaceful protest,1,0,0
Free State,FS,4.0,DC19,Thabo Mofutsanyane,FS191,setsoto,469.0,54.0,"127,918",0.37,0.57,0.03,0.04,0.83,0.01,0.15,0.01,0.78,0.01,0.05,0.14,0.01,0.02,0.72,0.04,0.01,0.05,0.13,0.04,0.0,0.92,0.0,0.01,0.06,0.01,0.0,0.0,0.79,0.14,0.04,0.03,0.0,0.0,0.0,0.0,0.0,setsoto,7,1,Mob violence,2,5,1
Northern Cape,NC,3.0,DC7,Pixley ka Seme,NC078,siyancuma,376.0,181.0,"53,165",0.51,0.36,0.1,0.03,0.74,0.01,0.24,0.01,0.74,0.0,0.1,0.1,0.0,0.06,0.69,0.01,0.0,0.1,0.17,0.03,0.0,0.9,0.0,0.0,0.06,0.02,0.0,0.0,0.64,0.27,0.01,0.07,0.0,0.0,0.0,0.0,0.01,siyancuma,3,0,Violent demonstration,1,2,1
Northern Cape,NC,3.0,DC7,Pixley ka Seme,NC077,siyathemba,375.0,180.0,"27,102",0.5,0.47,0.01,0.01,0.87,0.0,0.13,0.0,0.85,0.02,0.05,0.04,0.02,0.01,0.78,0.04,0.0,0.02,0.1,0.06,0.0,0.95,0.0,0.0,0.04,0.01,0.0,0.0,0.8,0.16,0.0,0.03,0.0,0.0,0.01,0.0,0.0,siyathemba,1,0,Protest with intervention,1,0,0
Northern Cape,NC,3.0,DC9,Francis Baard,NC091,sol plaatje,383.0,187.0,"270,078",0.67,0.24,0.07,0.02,0.86,0.0,0.13,0.0,0.87,0.01,0.04,0.05,0.01,0.03,0.83,0.01,0.01,0.03,0.05,0.06,0.0,0.92,0.01,0.02,0.04,0.01,0.0,0.0,0.7,0.25,0.03,0.01,0.0,0.0,0.0,0.0,0.0,sol plaatje,119,5,Peaceful protest,78,41,1
Western Cape,WC,1.0,DC2,Cape Winelands,WC024,stellenbosch,167.0,221.0,"175,411",0.86,0.05,0.08,0.01,0.87,0.01,0.12,0.0,0.97,0.0,0.0,0.01,0.0,0.02,0.87,0.01,0.03,0.06,0.01,0.01,0.0,0.97,0.0,0.01,0.01,0.0,0.0,0.0,0.58,0.41,0.01,0.0,0.0,0.0,0.0,0.0,0.0,stellenbosch,11,0,Peaceful protest,9,2,1
Mpumalanga,MP,8.0,DC31,Nkangala,MP313,steve tshwete,869.0,160.0,"242,031",0.72,0.16,0.08,0.04,0.91,0.01,0.09,0.0,0.87,0.0,0.1,0.02,0.01,0.0,0.87,0.01,0.01,0.03,0.06,0.02,0.0,0.93,0.0,0.0,0.04,0.02,0.0,0.0,0.71,0.2,0.02,0.03,0.03,0.0,0.0,0.0,0.0,steve tshwete,6,2,Peaceful protest,5,1,1
Eastern Cape,EC,2.0,DC10,Sarah Baartman,EC106,sundays river valley,266.0,10.0,"53,256",0.55,0.29,0.09,0.07,0.88,0.03,0.09,0.0,0.82,0.01,0.1,0.03,0.02,0.02,0.77,0.03,0.01,0.02,0.14,0.02,0.01,0.94,0.0,0.03,0.02,0.01,0.0,0.0,0.69,0.25,0.04,0.01,0.0,0.0,0.0,0.0,0.0,sundays river valley,10,5,Violent demonstration,2,8,1
Western Cape,WC,1.0,DC1,West Coast,WC015,swartland,164.0,218.0,"148,331",0.91,0.08,0.01,0.01,0.89,0.01,0.09,0.0,0.97,0.0,0.0,0.02,0.0,0.0,0.83,0.01,0.02,0.08,0.05,0.01,0.01,0.98,0.0,0.0,0.01,0.01,0.0,0.0,0.69,0.3,0.0,0.0,0.0,0.0,0.0,0.0,0.0,swartland,5,5,Peaceful protest,3,2,1
Western Cape,WC,1.0,DC3,Overberg,WC034,swellendam,170.0,227.0,"47,114",0.87,0.08,0.04,0.01,0.91,0.01,0.08,0.0,0.96,0.0,0.01,0.02,0.01,0.01,0.8,0.01,0.03,0.08,0.07,0.01,0.01,0.95,0.0,0.0,0.02,0.01,0.0,0.0,0.61,0.35,0.01,0.02,0.0,0.0,0.0,0.0,0.0,swellendam,3,0,Violent demonstration,1,2,1
Mpumalanga,MP,8.0,DC32,Ehlanzeni,MP321,thaba chweu,873.0,164.0,"109,223",0.56,0.28,0.09,0.07,0.83,0.01,0.16,0.0,0.71,0.01,0.25,0.01,0.0,0.02,0.65,0.01,0.01,0.04,0.24,0.05,0.01,0.87,0.0,0.01,0.1,0.01,0.0,0.0,0.58,0.27,0.04,0.11,0.0,0.0,0.0,0.0,0.0,thaba chweu,11,2,Mob violence,4,7,1
Limpopo,LP,9.0,DC36,Waterberg,LIM361,thabazimbi,977.0,140.0,"65,047",0.6,0.21,0.13,0.06,0.84,0.01,0.15,0.0,0.77,0.02,0.13,0.03,0.01,0.04,0.69,0.01,0.01,0.03,0.2,0.04,0.01,0.89,0.0,0.0,0.03,0.07,0.0,0.0,0.58,0.31,0.05,0.05,0.0,0.0,0.0,0.0,0.0,thabazimbi,1,0,Peaceful protest,1,0,0
KwaZulu-Natal,KZN,5.0,DC22,Umgungundlovu,KZN225,the msunduzi,566.0,83.0,"817,725",0.55,0.37,0.04,0.04,0.91,0.04,0.05,0.0,0.63,0.04,0.31,0.0,0.02,0.01,0.57,0.0,0.03,0.02,0.32,0.05,0.01,0.98,0.0,0.0,0.01,0.0,0.0,0.0,0.77,0.21,0.01,0.0,0.0,0.0,0.0,0.0,0.0,the msunduzi,219,16,Peaceful protest,143,76,1
Western Cape,WC,1.0,DC3,Overberg,WC031,theewaterskloof,171.0,224.0,"139,563",0.76,0.08,0.12,0.03,0.8,0.01,0.19,0.0,0.84,0.01,0.0,0.03,0.01,0.11,0.75,0.02,0.01,0.06,0.08,0.07,0.01,0.93,0.0,0.01,0.04,0.0,0.0,0.0,0.69,0.26,0.04,0.01,0.0,0.0,0.0,0.0,0.0,theewaterskloof,9,0,Peaceful protest,6,3,1
Mpumalanga,MP,8.0,DC31,Nkangala,MP315,thembisile,871.0,162.0,"431,248",0.3,0.53,0.04,0.14,0.95,0.02,0.03,0.0,0.28,0.02,0.68,0.01,0.01,0.01,0.38,0.02,0.03,0.07,0.43,0.07,0.01,0.97,0.0,0.0,0.02,0.01,0.0,0.0,0.73,0.22,0.01,0.03,0.0,0.0,0.0,0.0,0.0,thembisile,8,5,Mob violence,3,5,1
Limpopo,LP,9.0,DC34,Vhembe,LIM343,thulamela,966.0,130.0,"575,929",0.26,0.34,0.22,0.18,0.96,0.03,0.01,0.0,0.28,0.01,0.66,0.02,0.01,0.02,0.29,0.0,0.01,0.03,0.59,0.07,0.01,0.98,0.0,0.0,0.01,0.0,0.0,0.0,0.37,0.12,0.0,0.5,0.0,0.0,0.0,0.0,0.0,thulamela,41,13,Mob violence,16,25,1
Northern Cape,NC,3.0,DC8,Z F Mgcawu,NC085,tsantsabane,381.0,184.0,"30,969",0.68,0.2,0.04,0.08,0.81,0.01,0.16,0.01,0.85,0.0,0.02,0.05,0.01,0.06,0.76,0.0,0.01,0.03,0.14,0.04,0.01,0.92,0.0,0.01,0.04,0.02,0.0,0.0,0.68,0.29,0.01,0.01,0.0,0.0,0.0,0.0,0.0,tsantsabane,3,1,Peaceful protest,2,1,1
North West,NW,6.0,DC38,Ngaka Modiri Molema,NW382,tswaing,666.0,201.0,"128,672",0.32,0.31,0.26,0.12,0.84,0.0,0.15,0.01,0.5,0.01,0.43,0.02,0.01,0.04,0.29,0.01,0.01,0.02,0.53,0.13,0.01,0.92,0.0,0.01,0.06,0.0,0.0,0.0,0.71,0.21,0.05,0.03,0.0,0.0,0.0,0.0,0.0,tswaing,2,0,Peaceful protest,1,1,1
Free State,FS,4.0,DC18,Lejweleputswa,FS183,tswelopele,466.0,50.0,"56,896",0.34,0.63,0.02,0.01,0.85,0.01,0.13,0.01,0.83,0.01,0.11,0.02,0.01,0.03,0.78,0.02,0.01,0.06,0.11,0.02,0.0,0.95,0.0,0.01,0.03,0.01,0.0,0.0,0.81,0.16,0.02,0.01,0.0,0.0,0.0,0.0,0.0,tswelopele,1,0,Peaceful protest,1,0,0
Northern Cape,NC,3.0,DC7,Pixley ka Seme,NC071,ubuntu,369.0,174.0,"15,836",0.65,0.32,0.02,0.0,0.95,0.0,0.05,0.0,0.92,0.01,0.01,0.02,0.0,0.03,0.79,0.01,0.02,0.02,0.12,0.02,0.02,0.91,0.0,0.0,0.03,0.05,0.0,0.0,0.76,0.16,0.01,0.05,0.0,0.0,0.02,0.0,0.0,ubuntu,1,0,Peaceful protest,1,0,0
KwaZulu-Natal,KZN,5.0,DC26,Zululand,KZN266,ulundi,581.0,103.0,"221,977",0.4,0.34,0.05,0.21,0.85,0.14,0.01,0.0,0.39,0.13,0.36,0.02,0.09,0.02,0.38,0.0,0.01,0.01,0.52,0.07,0.02,0.98,0.0,0.0,0.02,0.0,0.0,0.0,0.72,0.19,0.01,0.08,0.0,0.0,0.0,0.0,0.0,ulundi,7,1,Peaceful protest,6,1,1
KwaZulu-Natal,KZN,5.0,DC21,Ugu,KZN212,umdoni,561.0,73.0,"156,443",0.41,0.15,0.18,0.25,0.75,0.17,0.07,0.0,0.44,0.11,0.36,0.05,0.03,0.01,0.38,0.01,0.01,0.05,0.47,0.07,0.01,0.91,0.0,0.01,0.08,0.0,0.0,0.0,0.68,0.19,0.01,0.11,0.0,0.0,0.0,0.0,0.0,umdoni,7,0,Peaceful protest,5,2,1
KwaZulu-Natal,KZN,5.0,DC27,Umkhanyakude,KZN271,umhlabuyalingana,582.0,104.0,"191,660",0.26,0.28,0.11,0.35,0.9,0.08,0.01,0.0,0.26,0.15,0.5,0.01,0.04,0.04,0.22,0.0,0.02,0.0,0.69,0.05,0.02,0.8,0.01,0.0,0.17,0.01,0.0,0.0,0.51,0.22,0.0,0.26,0.0,0.0,0.0,0.0,0.0,umhlabuyalingana,1,0,Peaceful protest,1,0,0
KwaZulu-Natal,KZN,5.0,DC28,King Cetshwayo,KZN282,umhlathuze,538.0,109.0,"412,075",0.58,0.35,0.03,0.04,0.97,0.02,0.01,0.0,0.63,0.08,0.29,0.0,0.0,0.01,0.55,0.02,0.04,0.07,0.29,0.02,0.01,0.99,0.0,0.0,0.0,0.0,0.0,0.0,0.77,0.22,0.0,0.01,0.0,0.0,0.0,0.0,0.0,umhlathuze,22,1,Peaceful protest,13,9,1
KwaZulu-Natal,KZN,5.0,DC28,King Cetshwayo,KZN284,umlalazi,589.0,110.0,"241,416",0.31,0.31,0.15,0.23,0.81,0.17,0.01,0.01,0.31,0.13,0.46,0.01,0.06,0.03,0.29,0.0,0.01,0.01,0.61,0.07,0.02,0.96,0.0,0.0,0.03,0.0,0.0,0.0,0.66,0.18,0.0,0.15,0.0,0.0,0.0,0.0,0.0,umlalazi,3,1,Mob violence,1,2,1
KwaZulu-Natal,KZN,5.0,DC22,Umgungundlovu,KZN222,umngeni,563.0,79.0,"105,069",0.76,0.13,0.04,0.06,0.9,0.03,0.07,0.0,0.83,0.02,0.11,0.02,0.01,0.01,0.8,0.01,0.02,0.02,0.12,0.04,0.0,0.94,0.0,0.01,0.04,0.0,0.0,0.0,0.74,0.21,0.03,0.01,0.0,0.0,0.0,0.0,0.0,umngeni,26,0,Peaceful protest,14,12,1
KwaZulu-Natal,KZN,5.0,DC22,Umgungundlovu,KZN221,umshwathi,562.0,78.0,"118,478",0.29,0.43,0.12,0.16,0.81,0.17,0.02,0.0,0.32,0.05,0.54,0.01,0.05,0.03,0.28,0.01,0.02,0.03,0.61,0.05,0.01,0.95,0.0,0.01,0.04,0.0,0.0,0.0,0.7,0.2,0.01,0.08,0.0,0.0,0.0,0.0,0.0,umshwathi,1,0,Peaceful protest,1,0,0
Northern Cape,NC,3.0,DC7,Pixley ka Seme,NC072,umsobomvu,370.0,175.0,"29,555",0.63,0.34,0.02,0.01,0.95,0.01,0.04,0.01,0.92,0.02,0.03,0.01,0.0,0.03,0.87,0.03,0.01,0.04,0.03,0.02,0.0,0.96,0.0,0.01,0.02,0.0,0.0,0.0,0.77,0.2,0.02,0.01,0.0,0.0,0.0,0.0,0.0,umsobomvu,1,0,Peaceful protest,1,0,0
KwaZulu-Natal,KZN,5.0,DC21,Ugu,KZN214,umuziwabantu,504.0,76.0,"115,780",0.23,0.07,0.45,0.25,0.73,0.26,0.01,0.0,0.24,0.03,0.65,0.0,0.06,0.03,0.23,0.02,0.01,0.01,0.69,0.01,0.03,0.97,0.0,0.0,0.03,0.0,0.0,0.0,0.69,0.14,0.01,0.15,0.0,0.0,0.0,0.0,0.0,umuziwabantu,3,0,Peaceful protest,3,0,0
KwaZulu-Natal,KZN,5.0,DC24,Umzinyathi,KZN245,umvoti,577.0,94.0,"142,042",0.37,0.16,0.14,0.33,0.7,0.27,0.02,0.0,0.41,0.1,0.34,0.02,0.09,0.04,0.39,0.0,0.01,0.01,0.53,0.06,0.01,0.92,0.0,0.0,0.07,0.0,0.0,0.0,0.59,0.2,0.02,0.18,0.0,0.0,0.0,0.0,0.0,umvoti,5,2,Peaceful protest,3,2,1
KwaZulu-Natal,KZN,5.0,DC43,Harry Gwala,KZN435,umzimkhulu,598.0,120.0,"220,620",0.21,0.19,0.23,0.38,0.57,0.42,0.01,0.0,0.25,0.07,0.57,0.01,0.07,0.04,0.23,0.0,0.02,0.03,0.6,0.08,0.04,0.96,0.0,0.0,0.02,0.0,0.0,0.0,0.63,0.16,0.01,0.19,0.0,0.0,0.0,0.0,0.0,umzimkhulu,1,0,Violent demonstration,0,1,1
Eastern Cape,EC,2.0,DC44,Alfred Nzo,EC442,umzimvubu,296.0,39.0,"214,477",0.25,0.21,0.23,0.31,0.74,0.26,0.0,0.0,0.27,0.11,0.54,0.01,0.02,0.05,0.25,0.01,0.01,0.01,0.6,0.09,0.04,0.9,0.0,0.01,0.06,0.03,0.0,0.0,0.56,0.27,0.04,0.13,0.0,0.0,0.0,0.0,0.0,umzimvubu,7,4,Peaceful protest,4,3,1
KwaZulu-Natal,KZN,5.0,DC26,Zululand,KZN262,uphongolo,579.0,100.0,"151,541",0.32,0.4,0.08,0.2,0.94,0.04,0.01,0.0,0.32,0.08,0.49,0.01,0.05,0.05,0.35,0.0,0.02,0.01,0.55,0.05,0.02,0.97,0.0,0.0,0.03,0.0,0.0,0.0,0.69,0.21,0.0,0.1,0.0,0.0,0.0,0.0,0.0,uphongolo,5,0,Peaceful protest,3,2,1
Mpumalanga,MP,8.0,DC31,Nkangala,MP311,victor khanye,867.0,158.0,"106,149",0.63,0.27,0.08,0.02,0.86,0.0,0.13,0.0,0.85,0.01,0.11,0.01,0.0,0.02,0.78,0.02,0.03,0.02,0.12,0.02,0.0,0.92,0.0,0.01,0.06,0.01,0.0,0.0,0.63,0.23,0.05,0.02,0.07,0.0,0.0,0.0,0.0,victor khanye,3,0,Peaceful protest,2,1,1
Eastern Cape,EC,2.0,DC14,Joe Gqabi,EC145,walter sisulu,277.0,30.0,"104,213",0.67,0.28,0.04,0.02,0.94,0.01,0.04,0.0,0.9,0.01,0.05,0.01,0.0,0.03,0.84,0.02,0.01,0.02,0.09,0.02,0.0,0.95,0.0,0.02,0.03,0.01,0.0,0.0,0.63,0.31,0.03,0.01,0.0,0.0,0.0,0.0,0.0,walter sisulu,2,0,Peaceful protest,2,0,0
Eastern Cape,EC,2.0,DC44,Alfred Nzo,EC443,winnie madikizela-mandela,297.0,40.0,"350,000",0.16,0.16,0.14,0.54,0.7,0.27,0.01,0.01,0.16,0.05,0.67,0.01,0.04,0.06,0.16,0.0,0.03,0.01,0.72,0.06,0.02,0.93,0.0,0.0,0.04,0.02,0.0,0.0,0.49,0.18,0.01,0.31,0.0,0.0,0.0,0.0,0.0,winnie madikizela-mandela,5,0,Peaceful protest,5,0,0
Western Cape,WC,1.0,DC2,Cape Winelands,WC022,witzenberg,165.0,219.0,"103,765",0.84,0.09,0.05,0.02,0.88,0.01,0.11,0.0,0.96,0.0,0.0,0.01,0.0,0.02,0.76,0.03,0.04,0.08,0.08,0.02,0.01,0.96,0.0,0.02,0.02,0.0,0.0,0.0,0.75,0.22,0.02,0.01,0.0,0.0,0.0,0.0,0.0,witzenberg,1,0,Peaceful protest,1,0,0
